name,property_id
方滨兴,property_1
Bin xing Fang,property_2
男,property_3
1960-7-17,property_4
黑龙江省哈尔滨市,property_5
中国,property_6
汉族,property_7
学者，教授,property_8
国家计算机网络应急技术处理协调中心主任,property_9
计算机科学家、信息安全专家、中国工程院院士,property_10
科研工作者,property_11
哈尔滨工业大学，清华大学,property_12
哈尔滨工业大学,property_13
中国共产党,property_14
《论网络空间主权》、《在线社交网络分析》,property_15
"计算机病毒及其对策,通信学报",property_16
《论网络空间主权》《在线社交网络分析》,property_17
中国网络空间安全协会理事长,property_18
2005年当选为中国工程院院士,property_19
北京邮电大学校长,property_20
无,property_21
江西省上饶市万年县,property_22
哈尔滨工业大学,property_23
清华大学,property_24
哈尔滨工业大学,property_25
国防科学技术大学,property_26
计算机系助教/讲师/副教授,property_27
计算机系教授,property_28
哈尔滨工业大学计算机与电气工程学院副院长,property_29
中国国家计算机网络与信息安全管理中心副总工程师,property_30
国家计算机网络应急技术处理协调中心总工程师/副主任/教授级高级工程师,property_31
国家计算机网络应急技术处理协调中心主任/总工程师/教授级高级工程师,property_32
信息产业部互联网应急处理协调办公室主任,property_33
国家计算机网络与信息安全管理中心名誉主任,property_34
北京邮电大学校长,property_35
哈尔滨工业大学计算机系计算机系统结构教研室副主任、主任,property_36
哈尔滨工业大学网络中心主任,property_37
中国工程院院士,property_38
国家计算机网络与信息安全管理中心名誉主任,property_39
中国网络空间安全协会理事长,property_40
哈尔滨工业大学（深圳）计算机科学与技术学院教授、首席学术顾问,property_41
广州大学网络空间先进技术研究院名誉院长,property_42
哈尔滨工业大学,property_43
国家计算机网络与信息安全管理中心总工程师、副主任、教授级高级工程师,property_44
中国科学院计算技术研究所客座研究员、博士生导师、信息安全首席科学家,property_45
国家计算机网络与信息安全管理中心主任、总工程师、教授级高级工程师、名誉主任,property_46
国防科学技术大学兼职教授、特聘教授、博士生导师,property_47
第十一届全国人大第十一届全国人大代表,property_48
北邮基层人大代表,property_49
中国科学院信息工程研究所客座研究员、博士生导师,property_50
中国科学院信息工程研究所学术委员会主任,property_51
中国网络空间安全协会第一届理事会理事长,property_52
哈尔滨工业大学计算机系助教/讲师/副教授/教研室副主任,property_53
哈尔滨工业大学计算机系教授,property_54
哈尔滨工业大学计算机系博士生导师,property_55
国家计算机网络应急技术处理协调中心,property_56
北京邮电大学校长,property_57
中国通信标准化协会理事,property_58
中国互联网协会副理事长,property_59
网络与信息安全工作委员会主任,property_60
中国通信学会学术工作委员会委员,property_61
清华大学计算机系教授,property_62
中科院计算所客座研究员/博士生导师/信息安全首席科学家,property_63
国防科学技术大学教授/博士生导师,property_64
《通信学报》编辑委员会主任,property_65
中国计算机学会副理事长/计算机安全专业委员会主任,property_66
信息产业部通信科学技术委员会常务委员,property_67
哈尔滨工业大学教授、博士生导师,property_68
哈尔滨工业大学国家计算机内容安全重点实验室主任,property_69
“新世纪百千万人才工程国家级人选”评审委员会委员,property_70
中国科学院计算所客座研究员、博士生导师、信息安全首席科学家,property_71
《通信学报》编辑委员会主任,property_72
国家自然科学基金可信软件重大专项专家组副组长,property_73
计算机安全专业委员会主任,property_74
哈尔滨工业大学（深圳）计算机学院首席学术顾问,property_75
中国云安全与新兴技术安全创新联盟理事长,property_76
教育部网络空间安全学科评议组召集人,property_77
中国中文信息学会第八届理事会理事长,property_78
网络与信息安全技术委员会主席,property_79
专家咨询委员会委员,property_80
技术管理委员会委员,property_81
中国下一代互联网示范工程（CNGI）项目专家委员会委员,property_82
《国家计算机网络与信息安全管理中心科学技术委员会主任,property_83
网络与信息安全技术委员会主席/专家咨询委员会委员/技术管理委员会委员,property_84
通信安全技术委员会主任,property_85
中国下一代互联网示范工程项目专家委员会委员,property_86
全国人大信息化系统改造和建设工程专家咨询顾问组成员,property_87
国家863计划“十一五”信息技术专家委员会委员,property_88
国家自然科学基金可信软件重大专项专家组副组长,property_89
国家973计划“信息安全理论及若干关键技术”首席科学家,property_90
信息产业部通信科学技术委员会常务委员,property_91
国家计算机网络与信息安全管理中心科学技术委员会主任,property_92
解放军总后勤部信息化专家咨询委员会委员,property_93
国家信息安全产品认证管理委员会委员,property_94
国家信息化专家咨询委员会委员,property_95
国家应急管理专家组成员,property_96
公安部信息安全特聘专家,property_97
“新世纪百千万人才工程国家级人选”评审委员会委员,property_98
国家信息安全产品认证委员会委员,property_99
中国网络通信集团公司技术委员会委员,property_100
国家863计划“十一五”信息技术领域专家委员会委员,property_101
信息内容安全技术国家工程实验室主任,property_102
国家八六三计划信息安全主题组专家,property_103
国家发展改革委信息安全专家咨询组成员,property_104
哈尔滨工业大学国家计算机内容安全重点实验室主任,property_105
解放军总后勤部信息化专家咨询委员会委员,property_106
中国通信学会会士、常务理事,property_107
清华大学计算机系兼职教授,property_108
全国人大信息化系统改造和建设工程专家咨询顾问组顾问组成员,property_109
哈尔滨工业大学教授、博士生导师,property_110
北京市公安交通管理局专家顾问团成员,property_111
中国科学院计算所客座研究员、博士生导师、信息安全首席科学家,property_112
国防科学技术大学特聘教授、博士生导师,property_113
《通信学报》编辑委员会主任,property_114
国家自然科学基金可信软件重大专项专家组副组长,property_115
中国计算机学会副理事长,property_116
计算机安全专业委员会主任,property_117
中华人民共和国第十一届全国人民代表大会大会代表,property_118
哈尔滨工业大学（深圳）计算机学院首席学术顾问,property_119
中国中文信息学会第八届理事会理事长,property_120
中国电子信息产业集团首席科学家,property_121
可信分布式计算与服务教育部重点实验室（北京邮电大学）主任实验室主任,property_122
中国云安全与新兴技术安全创新联盟理事长,property_123
教育部网络空间安全学科评议组召集人,property_124
上海市互联网宣传管理技术咨询专家,property_125
北京市公安交通管理局专家顾问团成员,property_126
北京市信息化专家咨询委员会委员,property_127
中国网络通信集团公司技术委员会委员,property_128
财政部“金财工程”专家咨询委员会委员,property_129
中华人民共和国第十一届全国人民代表大会代表,property_130
中国电子信息产业集团首席科学家,property_131
计算机安全事件入侵检测,property_132
国家信息安全基础设施,property_133
计算机网络以及网络与信息安全的理论与技术复杂巨系统理论的应用技术网络应急处理技术honey-net技术网络健壮性研究网格计算及其安全技术信息捕获与分析技术系统灾备技术网络与信息安全的理论与技术IPv6技术侧重点在于信息安全体系框架的研究入侵检测技术计算机病毒技术计算机病毒技术信息捕获与分析技术高效文字匹配算法研究新一代互联网技术计算机网络安全技术及计算机内容安全技术的研究网络协议分析技术信息安全体系框架的研究并行处理技术,property_134
国务院政府特殊津贴,property_135
“先进个人”称号,property_136
“在信息产业部重点工程中做出突出贡献特等奖先进个人”称号,property_137
“新世纪百千万人才工程国家级人选”,property_138
信息产业科技创新先进工作者,property_139
何梁何利基金科学与技术进步奖,property_140
中国工程院院士,property_141
部级科学进步二等奖,property_142
部级科学进步三等奖,property_143
杰出人才,property_144
全国“杰出专业技术人才”荣誉称号,property_145
国务院政府特殊津贴专家,property_146
中国信息安全保障突出贡献奖,property_147
中国互联网年度人物特别贡献奖,property_148
《计算机病毒及其对策》,property_149
《计算机病毒及其防范》,property_150
"建设网络应急体系,保障网络空间安全",property_151
《ECLIPSE MV/8000超级小型机产品介绍》,property_152
《网和天下 三网融合理论、实验与信息安全》,property_153
《在线社交网络分析》,property_154
《论网络空间主权》,property_155
信息安全管理系统,property_156
大范围宽带网络动态处置系统,property_157
大规模网络信息获取系统,property_158
搜索引擎安全管理系统,property_159
通信数据安全管理系统,property_160
非常规突发事件中网络舆情作用机制与相关技术研究,property_161
Web搜索与挖掘的新理论和新方法—支持舆情监控的Web搜索与挖掘的理论与方法研究国家自然科学基金重点研究计划项目,property_162
Web搜索与挖掘的新理论和新方法—支持舆情监控的Web搜索与挖掘的理论与方法研究,property_163
网络环境下特定信息获取与处理技术国防科技创新团队项目,property_164
下一代互联网舆情管理系统应用示范,property_165
大规模网络入侵定位与容忍,property_166
信息安全理论及若干关键技术国家973项目,property_167
非常规突发事件中网络舆情作用机制与相关技术研究国家自然科学基金重大研究计划培育项目,property_168
计算机病毒及其预防技术,property_169
国家信息安全展略研究,property_170
大规模网络信息获取系统,property_171
支持存储器无冲突访问的互连开关门阵列芯片的研制,property_172
多机系统的性能评价的研究,property_173
支持存储器无冲突访问的互连开关设计理论及方法,property_174
ABC-90阵列计算机综合模拟器,property_175
国家信息安全管理系统,property_176
支持存储器无冲突访问的互联网络开关门阵列芯片的研制,property_177
搜索引擎安全管理系统,property_178
国家通信数据安全管理系统,property_179
在线社交网络分析关键技术及系统,property_180
大规模网络安全态势分析关键技术及系统YHSAS,property_181
网络空间安全人才培养存在三个特殊性：一是自身网络安全的特殊性；二是人才特殊性；三是网络空间安全人才培养的特殊性,property_182
培养硕士与博士生百余名,property_183
世界互联网大会《物联网搜索技术》,property_184
潘云鹤,property_185
1946-11-4,property_186
浙江大学,property_187
浙江,property_188
绍兴,property_189
同济大学,property_190
南漳钢铁厂技术员,property_191
自动化研究所技术员、所长、市科委副主任,property_192
浙江大学计算机系教师,property_193
浙江大学人工智能研究所所长,property_194
浙江大学计算机系主任,property_195
浙江大学副校长、党委常委,property_196
浙江大学校长、党委常委,property_197
中国工程院党组副书记、副院长（正部级）,property_198
中国工程院中国工程院副院长,property_199
第九、十届全国人大代表,property_200
卡内基-梅隆大学计算机系访问学者,property_201
国家教材委员会国家教材委员会专家委员,property_202
南漳钢铁厂,property_203
浙江大学教师,property_204
加利福尼亚大学洛杉矶分校（UCLA）建筑与规划研究院访问学者,property_205
卡内基梅隆大学（CMU）计算机系访问学者,property_206
全国政协常务委员、外事委员会主任,property_207
浙江大学校长、党委常委,property_208
中国工程院常务副院长（正部长级）、党组副书记,property_209
国务院学位委员会委员,property_210
襄樊市自动化研究所所长和市科委副主任,property_211
浙江省科协副主席,property_212
中国图象图形学会理事长,property_213
中国人工智能学会副理事长,property_214
中国计算机学会理事,property_215
第十二届全国政协常委、外事委员会主任,property_216
省部级科技进步奖,property_217
“国家科技进步二等奖“,property_218
智能CAD“智能模拟彩色图案创作系统”,property_219
邬贺铨,property_220
1943-1-16,property_221
广东省广州市,property_222
武汉邮电学院,property_223
中国共产党党员,property_224
STH-1/STM-4复用设备,property_225
155/622Mb/sSDH光纤通信,property_226
邮电部邮电科学研究院,property_227
四川眉山电信总局505厂,property_228
重庆邮电部第九研究所,property_229
成都邮电部第五研究所数字通信研究室主任,property_230
大唐电信集团副总裁,property_231
电信科学技术研究院副院长兼总工程师,property_232
中国通信学会副理事长,property_233
国家863计划监督委员会副主任,property_234
国家973计划专家顾问组成员,property_235
国家信息化专家组咨询委员会委员,property_236
中国电子学会物联网专家委员主任委员,property_237
重庆邮电大学名誉校长,property_238
重庆邮电大学校董会主席,property_239
中国工程院副院长,property_240
第十一届全国政协委员教科文卫体委员会专委,property_241
信息产业部邮电科技委顾问,property_242
中国通信学会光通信专业委员会副主任,property_243
IEEE高级会员,property_244
清华大学兼职教授,property_245
数字通信技术,property_246
中国国家科技进步二等奖,property_247
中国邮电部科技进步一等奖,property_248
中国国家科技进步一等奖,property_249
中国第一套PCM30/32路通信设备和120路复用通信设备,property_250
培养博士7名、硕士9名,property_251
杨小牛,property_252
1961-6-17,property_253
浙江龙游,property_254
西安电子科技大学,property_255
西安电子科技大学,property_256
西安科技大学博导,property_257
西安科技大学双聘院士,property_258
总装电子对抗专业组组长,property_259
总装科技委兼职委员,property_260
电子学会电子对抗分会副主任委员,property_261
通信信息控制与安全技术重点实验室学术委员会主任,property_262
政协吉林省第十一届委员会常务委员会吉林省政协第十二届委员会委员,property_263
中国电子科技集团公司首席科学家,property_264
中国科学院留学人员联谊会第一届理事会副会长,property_265
“中国国家科技进步一等奖,property_266
国家科技进步二等奖,property_267
国防科技工业杰出人才奖,property_268
全国先进工作者,property_269
新世纪百千万人才工程国家级人选,property_270
《软件无线电原理与应用》,property_271
《信息对抗技术》,property_272
具有国际先进水平的宽带数字接收机,property_273
张尧学,property_274
YaoxueZhang,property_275
1956-1,property_276
湖南澧县,property_277
教授，中国工程院院士,property_278
作家，教育家,property_279
教授（博士生导师）,property_280
西北电讯工程学院（现西安电子科技大学），日本东北大学,property_281
中共党员,property_282
湖南,property_283
西安电子科技大学（原陕西西北电讯工程学院）,property_284
东北大学,property_285
余家台水电站测绘员,property_286
清华大学计算机系教师、副教授、教授，教研组副主任,property_287
清华大学计算机系副系主任,property_288
博士研究生导师,property_289
麻省理工学院访问教授,property_290
清华大学计算机系教授、博士生导师,property_291
教育部科学技术司副司长（主持工作）,property_292
教育部科学技术司司长,property_293
教育部高等教育司司长,property_294
国务院学位委员会、教育部学位管理与研究生教育司办公室主任、司长,property_295
中南大学委员会委员、常委,property_296
中南大学校长,property_297
科协第十届全省委员会主席,property_298
湖南省第十一届委员会委员,property_299
电子部计算机司副司长兼全国电子信息系统推广办公室副主任（挂职）,property_300
北京奥组委挂职总体策划部副部长,property_301
中央广播电视大学校长,property_302
中国作家协会会员,property_303
国务院信息化咨询委员会委员,property_304
中国电子学会常务理事,property_305
《电子学报》中英文版副主编,property_306
解放军总装备部军用计算机及软件专业组成员专家,property_307
清华大学教授、博士生导师,property_308
电子工业部计算机与信息化推进司副司长,property_309
全国电子信息系统推广与应用办公室副主任,property_310
国务院学位委员会办公室主任,property_311
教育部学位管理与研究生教育司司长,property_312
北京鼎新信息系统公司总经理,property_313
计算机网络、操作系统、普适计算数字通信技术,property_314
“2014年度国家自然科学奖一等奖,property_315
IEEE AINA 2007最佳论文奖、亚洲开放大学协会(AAOU)年度杰出成就奖,property_316
中国专利优秀奖 、清华大学科研成果推广应用效益奖一等奖,property_317
湖南省科技进步三等奖、何梁何利基金科学与技术进步奖,property_318
美国IET教育基金会教育领先奖、国家技术发明奖二等奖,property_319
教育部科技进步奖一等奖,property_320
国家科技进步奖二等奖,property_321
中国高校科技进步奖一等奖、国家经贸委技术创新管理奖,property_322
电子部科技进步奖二等奖、国家人事部、国家教委优秀留学回国人员奖,property_323
全国电子十大科技成果奖,property_324
国家教委跨世纪人才基金,property_325
霍英东基金、清华大学基础研究奖,property_326
国家技术发明奖二等奖,property_327
《计算机操作系统教程》，《计算机操作系统教程——习题解答与实验》，《UNIX操作系统》《计算机网络与Internet教程》，《走进网络世界》，《中西文操作系统》,property_328
李晓红,property_329
1959-6,property_330
重庆合川,property_331
中国工程院党组书记、院长,property_332
重庆大学、美国加州大学伯克利分校,property_333
重庆大学，加州大学伯克利分校,property_334
国家科技进步二等奖2项,property_335
重庆大学,property_336
重庆大学,property_337
炉山公社团委副书记,property_338
重庆大学采矿系团委书记，重庆市学生联合会主席,property_339
重庆大学采矿系党总支副书记、系副主任,property_340
加州大学伯克利分校研究助理,property_341
重庆大学资源及环境科学学院副院长,property_342
重庆大学资环学院院长,property_343
澳大利亚昆士兰大学访问学者,property_344
重庆大学校长助理、科研处处长、资源及环境科学学院院长,property_345
重庆大学党委常委、副校长,property_346
重庆大学党委常委、校长,property_347
武汉大学校长（副部长级）,property_348
教育部副部长,property_349
中国工程院党组书记,property_350
第十九届中央委员,property_351
重庆大学资源及环境科学学院院长,property_352
武汉大学官方微信不再担任武大校长一职 ,property_353
国务院免去李晓红的武汉大学校长职务；任命李晓红为教育部副部长,property_354
中国工程院李晓红同志任中共中国工程院党组书记,property_355
中国工程院第十四次院士大会当选为中国工程院院长,property_356
国务院李晓红任国家科技领导小组成员,property_357
科技部李晓红当选第五届国家科学技术奖励委员会副主任委员,property_358
省部级科技进步一等奖及发明一等奖4项,property_359
国家科技进步三等奖1项,property_360
冯培德,property_361
1941-4-7,property_362
广东省江门市恩平市,property_363
军事中国一航科技委副主任教育，北航、西工大、南航教授教育博士生导师,property_364
北京大学,property_365
南京航空学院自控系,property_366
南京航空学院,property_367
中国工程院院士（2001年）,property_368
毕业于北京大学,property_369
航空工业部西安飞行自动控制研究所,property_370
主任,property_371
所长,property_372
中国工程院工程院院士,property_373
组长,property_374
航空一集团科技委副主任,property_375
中国惯性技术学会委员会主任,property_376
中国惯性技术学会副理事长兼系统与测试专业委员,property_377
到航空618所工作，历任项目主管、专业组长和所长。现任中国航空工业集团公司科技委副主任、中国惯性技术学会副理事长兼系统与测试专业委员会主任。国家大飞机工程专家咨询委员会成员,property_378
到航空618所工作，历任项目主管、专业组长和所长。现任中国航空工业集团公司科技委副主任、中国惯性技术学会副理事长兼系统与测试专业委员会主任。国家大飞机工程专家,property_379
到航空618所工作，历任项目主管、专业组长,property_380
到航空618所工作，历任项目主管、专业组长和所长。现任中国航空工业集团公司科技委副主任、中国惯性技术学会副理事长兼系统与测试专业委员,property_381
中国航空工业集团公司科技委副主任、中国惯性技术学会副理事长,property_382
中国惯性技术学会副理事长,property_383
国家大飞机工程专家,property_384
国家级有突出贡献的专家,property_385
国家大飞机工程专家咨询委员会成员,property_386
中国惯性技术学会副理事,property_387
国家大飞机工程专家咨询委员,property_388
政协委员,property_389
中国惯性技术学会副理事长兼系统与测试专业委员会主任,property_390
中国航空工业集团公司科技委副主任、中国惯性技术学会副理事长兼系统与测试专业委员,property_391
中国惯性技术学会副理事长兼系统与测试专业委员会主任,property_392
今任航空一集团科技委副主任。长期担任中国惯性技术学会副理事长兼系统与测试专业委员,property_393
国家科技进步特等奖、二等奖，发明三等奖各1次，国防科工委和部级科技进步奖一、二、三等奖共12次，被评为国家级有突出贡献的中青年专家,property_394
冯培德教授,property_395
职业:军事中国一航科技委副主任教育，北航、西工大、南航教授,property_396
现任中国一航科技委副主任，北航、西工大、南航教授,property_397
中国一航科技委副主任，北航、西工大、南航教授、博士生导师。曾长期担任航空六一八所所长,property_398
中国一航科技委副主任教育，北航、西工大、南航教授教育博士生导师,property_399
中国一航科技委副主任，北航、西工大、南航教授、博士生导师,property_400
获国家科技进步特等奖、二等奖，发明三等奖各1次，国防科工委和部级科技进步奖一、二、三等奖共12次，被评为国家级有突出贡献的中青年专家、航空航天部劳动模范、航空工业总公司优秀领导干部和全国先进工作者,property_401
获国家科技进步特等奖、二等奖，发明三等奖各1次，国防科工委和部级科技进步奖,property_402
国家科技进步特等奖,property_403
得“航空报国金奖,property_404
朱英浩,property_405
1929-5-24,property_406
浙江省,property_407
科学科学家,property_408
变压器制造专家,property_409
交通大学,property_410
上海交通大学,property_411
2250千伏试验变压器,property_412
"n上海交通大学,全苏联变压器研究所,沈阳变压器n有限责任公司,沈阳变压器厂,n沈阳变压器研究所,中国工程院,中国电机工程学会,中国n电工技术学会,n沈阳市科协,全国变压器标准化技术委员会委员会主任",property_413
"沈阳变压器厂,乌克兰什波罗什变压器研究所副总工程师",property_414
SC-R第十二学术委员会委员,property_415
中国变压器制造专家，国家变压器标准化技术委员会主任委员，辽宁省电工技术学会副理事长,property_416
中国工程院院士，沈阳工业大学教授，博士生导师，沈阳变压器研究所（教授级）高级工程师。浙江省鄞县人。1952年毕业于原交通大学电机系。中国变压器制造专家，国家变压器标准化技术委员会主任委员，辽宁省电工技术学会副理事长,property_417
国家电网公司特高压电网工程顾问组成员,property_418
中国机械工业联合会专家委员,property_419
朱英浩（1929.5.24－）。中国工程院院士，沈阳工业大学教授,property_420
，博士生导师，沈阳变压器研究所（教授,property_421
中国变压器制造专家，国家变压器标准化技术委员会主任委员，辽宁省电工技术学会副理事,property_422
国家电网公司特高压电网工程顾问,property_423
国家电网公司特高压试验示范工程建设委员,property_424
国家电监会电力安全专家委员,property_425
国务院长江三峡三期工程验收委员会输变电工程验收组成员，专家组组长,property_426
中国变压器制造专家，国家变压器标准化技术委员会主任,property_427
中国工程院院士，沈阳工业大学教授，博士生导师，沈阳变压器研究所（教授级）高级工程师,property_428
国际大电网会议CIGRE、SC-R第十二学术委员,property_429
国家级有突出贡献的专家,property_430
今任n沈阳变压器研究所总工程师，n教授级高工，享受n政府特殊津贴的国家级有突出贡献的专家，n中国工程院院士，曾多次在变压器行业主持和组织变压器类产品全国统一设计，并主持开发了国内首台500kV变压器和n互感器，为我国变压器生产技术的发展做出了重要贡献。朱英浩多项科技成果获国家科技进步一等奖、原机械部特等奖等奖励，并著有《n电力变压器计算》等书，多次主持起草变压器类产品国家标准。现兼任n中国电机工程学会名誉理事、中国n电工技术学会理事、n沈阳市科协副主席、全国变压器标准化技术委员,property_431
教授,property_432
《变压器》杂志编辑委员会名誉主任,property_433
n中国电机工程学会名誉理事、中国n电工技术学会理事、n沈阳市科协副主席、全国变压器标准化技术委员,property_434
国家标准。现兼任n中国电机工程学会名誉理事、中国n电工技术学会理事、n沈阳市科协副主席、全国变压器标准化技术委员,property_435
中国n电工技术学会理事、n沈阳市科协副主席、全国变压器标准化技术委员会主任、n《变压器》杂志编辑委员会名誉主任委员,property_436
1952年毕业于n上海交通大学电机系。曾在捷克n斯大林格勒厂和n前苏联的莫斯科n变压器厂、全苏联变压器研究所实习。曾任沈阳变压器n有限责任公司（原n沈阳变压器厂）总工程师，1990年至今任n沈阳变压器研究所总工程师，n教授,property_437
《n电力变压器计算》等书，多次主持起草变压器类产品国家标准。现兼任n中国电机工程学会名誉理事、中国n电工技术学会理事、n沈阳市科协副主席、全国变压器标准化技术委员会主任,property_438
中国工程院院士，曾多次在变压器行业主持和组织变压器类产品全国统一设计，并主持开发了国内首台500kV变压器和n互感器，为我国变压器生产技术的发展做出了重要贡献。朱英浩多项科技成果获国家科技进步一等奖、原机械部特等奖等奖励，并著有《n电力变压器计算》等书，多次主持起草变压器类产品国家标准。现兼任n中国电机工程学会名誉理事、中国n电工技术学会理事、n沈阳市科协副主席、全国变压器标准化技术委员会主任、n《变压器》杂志编辑委员会名誉主任委员,property_439
中国工程院院士，沈阳工业大学教授，博士生导师，沈阳变压器研究所(教授级)高级工程师。浙江省鄞县人。1952年毕业于原交通大学电机系。中国变压器制造专家，国家变压器标准化技术委员会主任委员，辽宁省电工技术学会副理事长,property_440
中国工程院院士，沈阳工业大学教授，博士生导师，沈阳变压器研究所（教授级）高级工程师。浙江省鄞县人。1952年毕业于原交通大学电机系。中国变压器制造专家，国家变压器标准化技术委员,property_441
中国工程院院士，沈阳工业大学教授，博士生导师，沈阳变压器研究所（教授级）高级工程师。浙江省鄞县人。1952年毕业于原交通大学电机系。中国变压器制造专家，国家变压器标准化技术委员会主任委员，辽宁省电工技术学会副理事,property_442
中国工程院院士，沈阳工业大学教授，博士生导师，沈阳变压器研究所（教授级）高级工程师。浙江省鄞县人。1952年毕业于原交通大学电机系。中国变压器制造专家，国家变压器标准化技术委员会主任,property_443
中国工程院院士，沈阳工业大学教授，博士生导师，沈阳变压器研究所(教授级)高级工程师。浙江省鄞县人。1952年毕业于原交通大学电机系。中国变压器制造专家，国家变压器标准化技术委员,property_444
朱英浩(1929.5.24-)。中国工程院院士，沈阳工业大学教授,property_445
，博士生导师，沈阳变压器研究所(教授,property_446
中国工程院院士，沈阳工业大学教授，博士生导师，沈阳变压器研究所(教授级)高级工程师。浙江省鄞县人。1952年毕业于原交通大学电机系。中国变压器制造专家，国家变压器标准化技术委员会主任委员，辽宁省电工技术学会副理事,property_447
中国工程院院士，沈阳工业大学教授，博士生导师，沈阳变压器研究所(教授级)高级工程师。浙江省鄞县人。1952年毕业于原交通大学电机系。中国变压器制造专家，国家变压器标准化技术委员会主任,property_448
中国工程院院士，沈阳工业大学教授，博士生导师，沈阳变压器研究所(教授级)高级工程师,property_449
《n电力变压器计算》等书，多次主持起草变压器类产品国家标准。现兼任n中国电机工程学会名誉理事、中国n电工技术学会理事、n沈阳市科协副主席、全国变压器标准化技术委员会主任、n《变压器》杂志编,property_450
，国家科技进步奖,property_451
甘晓华,property_452
1957-1-12,property_453
江西省南昌市进贤县,property_454
军事空军装备研究院总工程师政治第十届和第十一届全国政协委员,property_455
军人、南方科技大学等院校教授,property_456
南京航空航天大学；北京航空航天大学,property_457
南京航空航天大学,property_458
《航空燃气轮机燃油喷嘴技术》,property_459
中国工程院院士（2011年当选）,property_460
毕业于南京航空航天大学,property_461
空军第一研究所发动机室副主任,property_462
中国工程院工程院院士,property_463
南方科技大学力学,property_464
南方科技大学力学教授,property_465
中国航空学会副理事长,property_466
国家飞机和发动机发展战略研究，任国家“大飞机”和“航空发动机与燃气轮机”等科技重大专项的国务院专家委员会成员,property_467
中国设备管理学会副会长、中国航空学会副理事,property_468
国家飞机和发动机发展战略研究，任国家“大飞机”和“航空发动机与燃气轮机”等科技重大专项的国务院专家委员,property_469
国务院专家委员会成员,property_470
职业:军人、南方科技大学等院校教授,property_471
甘晓华是空军装备研究院总工程师，中国工程院院士，南方科技大学等院校教授,property_472
任南京航空航天大学和中国科学院兼职教授,property_473
厦门大学兼职教授,property_474
2017年起任南方科技大学教授,property_475
北京航空航天大学教授,property_476
南京航空航天大学兼职教授,property_477
中国科学院兼职教授、博士生导师,property_478
南方科技大学讲座教授,property_479
空军装备研究院总工程师，中国工程院院士，南方科技大学等院校教授,property_480
中国航空学会浮空器分委员,property_481
中国兵工学会装备保障专业委员,property_482
甘晓华是空军装备研究院总工程师，中国工程院院士，南方科技大学力学与航空航天工程系讲座教授,property_483
2017年5月，加入南方科技大学力学与航空航天工程系，任讲座教授,property_484
空军装备研究院总工程师，中国工程院院士，南方科技大学力学与航空航天工程系讲座教授,property_485
中国航空学会浮空器分委员会主任,property_486
中国兵工学会装备保障专业委员会副主任,property_487
中国航空学会浮空器分委员会主任委员,property_488
中国兵工学会装备保障专业委员会副主任委员,property_489
参与了国家飞机和发动机发展战略研究,property_490
获政府特殊津贴,property_491
重大专项的国务院专家委员会成员，从事发展方案制定和研制技术指导。作为第一完成人获国家科技进步二等奖,property_492
重大课题攻关，在核心技术、关键技术领域取得重大突破，先后获得国家科技进步二等奖,property_493
得国家科技进步二等奖,property_494
中国科协“求是”杰出青年实用工程奖,property_495
丁衡高,property_496
1931-2-3,property_497
南京,property_498
汉,property_499
科学家,property_500
南京大学,property_501
《精密机械传动精度与刻划精度研究》、《光学仪器手册》,property_502
《惯性技术文集》,property_503
中国战略导弹惯性技术奠基人之一,property_504
中国宇航学会名誉理事长,property_505
中国的战略导弹试验、核试验和卫星发射试验及重大国防科研试验项目。是中共第十二届中央候补委员,property_506
中国宇航学会名誉理事,property_507
国防科研试验项目。是中共第十二届中央候补委员,property_508
中国战略导弹惯性技术奠基人之一。1983年被评为研究员。参加了战略导弹的研究、设计、试验和卫星发射的组织领导工作。1987年任清华大学兼职教授、博士生导师,property_509
丁衡高，江苏南京人。1953年加入中国共产党。1957年赴苏联列宁格勒精密机械及光学仪器学院学习。长期从事导弹自动控制系统及惯性器件的研究、设计、试制生产的技术领导工作。是中国惯性技术学会理事长、中国宇航学会名誉理事长，中国战略导弹惯性技术奠基人之一。1983年被评为研究员。参加了战略导弹的研究、设计、试验和卫星发射的组织领导工作。1987年任清华大学兼职教授,property_510
中国共产党。1957年赴苏联列宁格勒精密机械及光学仪器学院学习。长期从事导弹自动控制系统及惯性器件的研究、设计、试制生产的技术领导工作。是中国惯性技术学会理事长、中国宇航学会名誉理事长，中国战略导弹惯性技术奠基人之一。1983年被评为研究员。参加了战略导弹的研究、设计、试验和卫星发射的组织领导工作。1987年任清华大学兼职教授、博士生导师。1994年被选为中国工程院院士。1986年组织起草制订了中国《高技术研究发展计划》，多年来组织领导中国的战略导弹试验、核试验和卫星发射试验及重大国防科研试验项目。是中共第十二届中央候补委员,property_511
丁衡高，江苏南京人。1953年加入中国共产党。1957年赴苏联列宁格勒精密机械及光学仪器学院学习。长期从事导弹自动控制系统及惯性器件的研究、设计、试制生产的技术领导工作。是中国惯性技术学会理事长、中国宇航学会名誉理事长，中国战略导弹惯性技术奠基人之一。1983年被评为研究员。参加了战略导弹的研究、设计、试验和卫星发射的组织领导工作。1987年任清华大学兼职教授,property_512
中国共产党。1957年赴苏联列宁格勒精密机械及光学仪器学院学习。长期从事导弹自动控制系统及惯性器件的研究、设计、试制生产的技术领导工作。是中国惯性技术学会理事长、中国宇航学会名誉理事长，中国战略导弹惯性技术奠基人之一。1983年被评为研究员。参加了战略导弹的研究、设计、试验和卫星发射的组织领导工作。1987年任清华大学兼职教授、博士生导师。1994年被选为中国工程院院士。1986年组织起草制订了中国《高技术研究发展计划》，多年来组织领导中国的战略导弹试验、核试验和卫星发射试验及重大国防科研试验项目。是中共第十二届中央候补委员,property_513
丁衡高，江苏南京人。1953年加入中国共产党。1957年赴苏联列宁格勒精密机械及光学仪器学院学习。长期从事导弹自动控制系统及惯性器件的研究、设计、试制生产的技术领导工作。是中国惯性技术学会理事长、中国宇航学会名誉理事长，中国战略导弹惯性技术奠基人之一。1983年被评为研究员。参加了战略导弹的研究、设计、试验和卫星发射的组织领导工作。1987年任清华大学兼职教授,property_514
丁衡高，江苏南京人。1953年加入中国共产党。1957年赴苏联列宁格勒精密机械及光学仪器学院学习。长期从事导弹自动控制系统及惯性器件的研究、设计、试制生产的技术领导工作。是中国惯性技术学会理事长、中国宇航学会名誉理事长，中国战略导弹惯性技术奠基人之一。1983年被评为研究员。参加了战略导弹的研究、设计、试验和卫星发射的组织领导工作。1987年任清华大学兼职教授,property_515
"精密仪器的控制""九五""计划期间的重要课题有国防科工委重点预研项目""微型惯性测量组合（MIMU）""技术研究。",property_516
国防科技重大成果二等奖,property_517
得奖,property_518
全国科技大会奖,property_519
吴建平,property_520
1953-10-4,property_521
山西省太原市,property_522
教育科研工作者,property_523
娄底市委常委、政法委书记,property_524
中国互联网工程科技领域的主要开拓者和学术带头人之一中国工程院院士（2015年当选）,property_525
共产主义,property_526
就读于清华大学,property_527
11月清华大学,property_528
清华大学信息网络工程研究中心主任,property_529
"清华大学信息科学技术学院,清华大学副院长",property_530
"清华大学网络科学与网络空间研究院,清华大学信息化技术中心院长",property_531
"清华大学网络科学与网络空间研究院,清华大学信息化技术中心主任",property_532
中国教育和科研计算机网CERNET示范工程》重大项目。[5]此外，吴建平曾作为项目首席科学家,property_533
中国科学家,property_534
国家级有突出贡献的中、青年专家,property_535
院长,property_536
国家大型科研项目和工程，其中包括主持完成《中国教育和科研计算机网CERNET示范工程》重大项目。[5]此外，吴建平曾作为项目首席科学家,property_537
中国教育和科研计算机网网络中心、专家委主任,property_538
中国科学家,property_539
2000年，吴建平获中国教育部“长江学者奖励计划”特聘教授,property_540
2010年11月起，吴建平任清华大学信息科学技术学院副院长,property_541
2012年3月起，吴建平任清华大学网络科学与网络空间研究院院长,property_542
中国计算机学会理事、专委会主任、会士,property_543
中国互联网协会副理事,property_544
国家信息化专家咨询委员,property_545
国务院学位委员会第七届学科评议组成员,property_546
2000年，吴建平获中国教育部长江学者奖励计划特聘教授,property_547
中国共产党娄底市第五届委员,property_548
参与了中国从无到有地建设互联网的整个过程。早在上世纪70年代末期，当绝大多数中国人连计算机都没听说过的时候，吴建平就已经开始进行互联网技术的相关研究,property_549
获中国国务院“政府特殊津贴,property_550
获“国家级有突出贡献的中、青年专家”称号,property_551
获中国国家科学技术进步奖,property_552
获中国国家科学技术进步奖,property_553
中国教育部“长江学者奖,property_554
中国国家科学技术进步奖,property_555
何梁何利科技奖,property_556
国际互联网协会“乔纳森·波斯塔尔奖,property_557
中国全国创新争先奖,property_558
据2018年11月清华大学官网和中国工程院官网显示，吴建平以第一作者完成IETF国际标准4项，以第一发明人获国家发明论文著作&授权,property_559
赵沁平,property_560
1948-4,property_561
山西介休,property_562
太原理工大学,property_563
在国际、国内学术刊物和国际学术会议发表学术论文180余篇，出版专著3部。获国家科学技术进步一等奖1项、国家科学技术进步二等奖2项、国家技术发明奖1项。,property_564
中国工程院院士（2013年当选）,property_565
首批中国人工智能学会会士,property_566
，太原工业大学（今太原理工大学,property_567
副主任,property_568
"清华大学信息科学技术学院,清华大学系主任",property_569
中国科学技术协会副主席,property_570
北京航空航天大学学术委员会,property_571
中国科学技术协会第八届全国委员,property_572
《中国研究生》杂志编委会主任,property_573
教育部副部长、党组成员兼国家语言文字工作委员会主任,property_574
国家语言文字工作委员,property_575
《中国研究生》杂志编委,property_576
教育部副部长、党组成员兼国家语言文字工作委员,property_577
中国研究生》杂志编委会主任,property_578
教授,property_579
教育部研究生工作办公室主任,property_580
国务院学位委员,property_581
国务院学位委员,property_582
1989年——1994年，北京航空航天大学计算机系主任、教授,property_583
作为系统集成单位的负责人，赵沁平教授,property_584
2015年6月，受聘浙江工商大学信息学院名誉院长,property_585
教育部研究生工作办公室主任,property_586
中国人工智能学会会士,property_587
1989年--1994年北京航空航天大学计算机系主任、教授,property_588
《中国研究生》杂志新任编委会主任,property_589
《中国研究生》杂志新任编委,property_590
中国研究生》杂志新任编委会主任,property_591
1989年——1994年北京航空航天大学计算机系主任、教授,property_592
《中国研究生》杂志编委会换届会议暨编委、顾问座谈会在北京召开。《中国研究生》杂志新任编委会主任,property_593
中国研究生》杂志编委会换届会议暨编委、顾问座谈会在北京召开。《中国研究生》杂志新任编委会主任,property_594
《中国研究生》杂志编,property_595
国家科学技术进步一等奖,property_596
何梁何利科技进步奖,property_597
国发，授0利余际专家获明权6获国家发明专利授权60余项，国际项,property_598
黄先祥,property_599
1940-4-20,property_600
江苏省如东县,property_601
大学教授、工程院院士,property_602
军人，教师,property_603
北京理工大学,property_604
中国第一套战略导弹测试发射设备自动检定系统，,property_605
在中国首次提出战略导弹新的作战思想，并研制出特种装备。,property_606
国家科技进步一等奖2项,property_607
2013年3月任第十一届全国政协委员,property_608
中国人民政治协商会议第十一届全国委员,property_609
中国共产党全国党代表；2003年3月至2008年3月任第十届全国政协委员,property_610
曾任中国共产党全国党代表,property_611
中国计量测试学会常务理事,property_612
政协委员,property_613
中国系统仿真学会荣誉副理事长,property_614
黄先祥（1940.4.20-）。导弹发射及运用技术专家。江苏省如东县人。1965年毕业于北京理工大学。现任第二炮兵工程学院二系教授,property_615
黄先祥任第二炮兵工程学院教授、校科学技术委员会主任,property_616
黄先祥任第二炮兵工程学院教授、校科学技术委员,property_617
教授,property_618
国家重点学科、军队和陕西省重点学科，设立了兵器科学与技术博士后科研流动站，获得一级学科博士学位授予权。培养指导博士后、博士和硕士研究生百余名。评为全国优秀教师、国家有突出贡献中青年专家,property_619
1997年9月曾任中国共产党全国党代表；2003年3月至2008年3月任第十届全国政协委员,property_620
至1997年9月,property_621
职业:大学教授,property_622
1991年，黄先祥教授,property_623
1998年起黄先祥任第二炮兵工程学院教授,property_624
国家科技奖专家,property_625
中国共产党十四大代表，第十、十一届全国政协委员,property_626
中国系统仿真学会荣誉副理事,property_627
国家科技奖专家评审委员,property_628
政协委员,property_629
获国家科学技术进步奖,property_630
获何梁何利科技进步奖,property_631
指导博士后、博士和硕士研究,property_632
国家科学技术进步奖,property_633
重大贡献奖,property_634
国家和军队奖,property_635
得“军队科技创新群体奖,property_636
权。培养指导博士后、博士和硕士研究生百余名。评为全国优秀教师、国家有突出贡献中青年专家,property_637
高文,property_638
1956-3-7,property_639
辽宁省大连市,property_640
教学科研工作者,property_641
日本东京大学,property_642
《计算机视觉——算法与系统原理》、《数字视频编码技术原理》,property_643
进入哈尔滨工业大学,property_644
专家,property_645
"基梅隆大学机器人研究所,哈尔滨工业大学,哈尔滨工业大学计算机副院长",property_646
"哈尔滨工业大学,中国科学院专家",property_647
中国科学院计算技术研究所研究员,property_648
"中国科学院,中国科学技术大学常务副院长",property_649
"中国科学院,中国科学技术大学副校长",property_650
北京大学信息科学技术学院教授,property_651
中国工程院,property_652
中国科学院专家,property_653
"美国卡内基梅隆大学(CMU)机器人研究所,美国麻省理工学院(MIT)人工智能实验室",property_654
"中科院,中科院研究生院,中国科技大学副校长",property_655
国家自然科学基金委员会副主任,property_656
中国软件行业协会副理事长,property_657
国家863计划信息领域智能计算机主题专家,property_658
国家863智能计算机主题专家,property_659
中国科学院研究生院学位评定委员,property_660
中国人民政治协商会议第十届全国委员,property_661
中国科学院学位委员,property_662
中国人工智能联合学术会议（CJCAI'96）程序委员,property_663
中国人工智能联合学术会议（CJCAI'94）程序委员,property_664
中国计算机学会模式识别与人工智能专业委员,property_665
院长,property_666
中国软件行业协会副理事,property_667
北京大学信息科学技术学院教授,property_668
国家自然科学基金委员,property_669
国务院学位委员会计算机科学与技术学科评议组成员,property_670
中国科学院计算技术研究所所长,property_671
国际会议（IEEEPCM'2001）程序委员,property_672
国际会议（IEEEPCM'2000）程序委员,property_673
国际中文口语处理会议（ISCSLP'98）程序委员,property_674
国际多模式接口会议（ICMI'96）程序委员,property_675
国际会议（ISADS'95）执行委员,property_676
国际青年信息科学家会议）程序委员,property_677
国际青年计算机科学家会议程序委员,property_678
国际多模式接口会议（IEEEICMI'02）大会主席,property_679
国际中文口语处理会议（ISCSLP'2000）大会主席,property_680
国际多模式接口会议（ICMI'2000）大会主席,property_681
国际多模式接口会议（ICMI'99）程序委员会主席,property_682
国际多模式接口会议（ICMI'96）程序委员会主席,property_683
国际青年计算机科学家会议程序委员会主席,property_684
中国图像图形学会副理事长,property_685
中国人工智能联合学术会议（CJCAI'98）程序委员,property_686
教授,property_687
教授,property_688
教授,property_689
中国图像图形学会副理事,property_690
中国语言处理技术中心主任,property_691
中国图形图像学报编委会主任,property_692
国际图像图形学报IJIG指导委员,property_693
国际标准专家委员,property_694
国际运动图像编码标准委员,property_695
高文，男，1956年3月生，辽宁省大连市人。现任北京大学信息科学技术学院教授,property_696
国家863计划信息领域智能计算机主题专家,property_697
国家863智能计算机主题专家,property_698
中国科学院研究生院学位评定委员,property_699
中国科学院学位委员,property_700
1985年3月，高文硕士毕业后在哈尔滨工业大学计算机系工作，先后担任助教（1985年3月—1988年3月）、讲师（1988年4月—1991年11月）、教授,property_701
2006年3月，高文担任北京大学信息科学技术学院教授,property_702
2006年—西安电子科技大学兼职教授,property_703
2004年—美国UMKC大学名誉教授,property_704
2000年—北京工业大学兼职教授,property_705
1998年—清华大学兼职教授,property_706
1998年—西安交通大学兼职教授,property_707
1998年—西北工业大学兼职教授,property_708
1996年—大连理工大学兼职教授,property_709
1995年—香港城市大学名誉教授,property_710
2000年6月，高文担任中国科学院研究生院常务副院长,property_711
《XML：新一代互联网的种子技术“中国XML2000技术研讨会”论文集》-高文，黄铁军主编,property_712
《智能计算机接口与应用进展第二界中国计算机智能接口与智能应用学术会议论文集》-吴泉源，高文主编,property_713
中国计算机学会理事,property_714
助教（1985年3月—1988年3月）、讲师（1988年4月—1991年11月）、教授,property_715
中国工程院信息与电子工程学部院士。2013年当选美国计算机学会会士,property_716
北京大学信息科学技术学院的高文教授,property_717
国家863计划智能计算机主题专家,property_718
国家863计划智能计算机主题专家组成员,property_719
863计划智能计算机主题专家组成员,property_720
中国图象图形学会副理事长,property_721
中国科学院研究生院学位委员,property_722
中国代表团团长、IEEE视频信号处理和通信技术委员,property_723
职位:北京大学教授,property_724
现任北京大学教授,property_725
兼任中国网通集团宽带业务应用国家工程实验室首席科学家、中科院计算所研究员、哈尔滨工业大学教授、大连理工大学兼职教授、大连理工大学软件学院名誉院长,property_726
、大连理工大学兼职教授,property_727
高文教授,property_728
他是国务院学位委员会计算机学科评议组成员、中国科学院研究生院学位委员会副主任，是ISO/IEC/JTC1/SC29/MPEG国际标准化委员会中国代表团团长、IEEE视频信号处理和通信技术委员会(VSPC)委员、数字音视频编解码技术标准(AVS)工作组组长。他同时还是美国UMKC大学名誉教授,property_729
，美国ICSI外部Fellow，以及香港科技大学、清华大学、西安交通大学、同济大学、上海大学等高校兼职教授,property_730
"2006年2月18日，在北京政协礼堂隆重举行的""2005中国十大系列英才颁奖典礼""上，北京大学信息科学技术学院的高文教授",property_731
1998年至1999年曾担任中科院计算所所长，2000年至2004年担任中科院研究生院常务副院长,property_732
中国图象图形学会副理事,property_733
中国计算机学会常务理事,property_734
国务院学位委员会计算机学科评议组成员、中国科学院研究生院学位委员会副主任，是ISO/IEC/JTC1/SC29/MPEG国际标准化委员会中国代表团团长、IEEE视频信号处理和通信技术委员会(VSPC)委员、数字音视频编解码技术标准(AVS)工作组组长,property_735
北京大学教授,property_736
国家工程实验室首席科学家,property_737
国际标准化委员,property_738
"获得了""2005中国十大教育英才""称号",property_739
《数字视频编码技术原理》,property_740
《XML：新一代互联网的种子技术“中国XML2000技术研讨会”论文集》,property_741
《智能计算机接口与应用进展第二界中国计算机智能接口与智能应用学术会议论文集》,property_742
《计算机视觉——算法与系统原理》、《数字视频编,property_743
《数字视频编码技术原理第2版》,property_744
视觉模式的局部建模及非线性特征获取理论与方法研究-国家自然科学奖二等奖,property_745
视觉模式的局部建模及非线性特征获取理论与方法研究-北京市科学技术奖（基础类）三等奖,property_746
百万册数字图书馆的多媒体技术和智能服务系统-国家科技进步二等奖,property_747
高效数字视频编解码技术及其在国际标准与国家标准中的应用-国家技术发明二等奖,property_748
基于多功能感知理论的中国手语识别与合成研究-国家科技进步二等奖,property_749
个人计算与移动计算相结合的算通机技术-国家科技进步二等奖,property_750
数字视频广播编码传输与接收系统-国家科技进步二等奖,property_751
国家八六三计划国家科委先进工作者二等奖,property_752
国家八六三计划先进个人一等奖,property_753
中国计算机学会王选奖,property_754
取理论与方法研究-国家自然科学奖,property_755
取理论与方法研究-北京市科学技术奖,property_756
了112名博士生，24名博士后出站,property_757
于全,property_758
YUQUAN,property_759
1965-9,property_760
江西九江,property_761
军事科学院研究员,property_762
西安电子科技大学通信工程学院名誉院长,property_763
南京大学、西安电子科技大学、法国里摩日大学,property_764
《战术通信与技术》,property_765
主持研制了我军第一部多频段、多模式、可编程的软件无线电电台主持研制了我军第一代三军共用的战术通信网主持研制了我军第一代短波综合通信网,property_766
"以""西军电""之称蜚声海内外的西安电子科技大学",property_767
"，本科毕业后又考入以""西军电""之称蜚声海内外的西安电子科技大学",property_768
"总参某研究所通信研究中心,中国工程院工程院院士",property_769
"总参某研究所通信研究中心,中国工程院",property_770
国家实验室海洋通信研究中心首席科学家，北京理工大学、浙江大学、上海交通大学、南京大学、复旦大学教授，自然科学基金重大计划“空间信息网络基础理论与关键技术”指导专家,property_771
兼任东南大学网络空间安全学院、西安电子科技大学通信工程学院名誉院长，青岛海洋科学与技术国家实验室海洋通信研究中心首席科学家，北京理工大学、浙江大学、上海交通大学、南京大学、复旦大学教授,property_772
《JournalofCommunicationandInformationNetworks》主编,property_773
自然科学基金重大计划“空间信息网络基础理论与关键技术”指导专家组组长,property_774
东南大学网络空间安全学院、西安电子科技大学通信工程学院名誉院长，青岛海洋科学与技术国家实验室海洋通信研究中心首席科学家，北京理工大学、浙江大学、上海交通大学、南京大学、复旦大学教授,property_775
中国工程院信息与电子工程学部院士[1]，我国战术通信领域的学科带头人，军事科学院系统工程研究院研究员，信息系统安全重点实验室主任,property_776
中国工程院信息与电子工程学部院士，我国战术通信领域的学科带头人，军事科学院系统工程研究院研究员，信息系统安全重点实验室主任,property_777
国家重点实验室（北京邮电大学）、综合业务网理论及关键技术国家重点实验室（西安电子科技大学）学术委员会主任[1]，北京理工大学[2]、浙江大学、上海交通大学、南京大学、复旦大学、北京航空航天大学、东莞理工学院兼职教授[1]，国家自然科学基金重大计划空间信息网络基础理论与关键技术指导专家,property_778
东南大学网络空间安全学院、西安电子科技大学通信工程学院名誉院长[1]，网络与交换技术国家重点实验室（北京邮电大学）、综合业务网理论及关键技术国家重点实验室（西安电子科技大学）学术委员会主任[1]，北京理工大学[2]、浙江大学、上海交通大学、南京大学、复旦大学、北京航空航天大学、东莞理工学院兼职教授,property_779
中国指挥与控制学会副理事长[3]，中国电子学会副监事长,property_780
《JoualofCommunicationandInformationNetworks》期刊主编,property_781
自然科学基金重大计划空间信息网络基础理论与关键技术指导专家组组长,property_782
国家重点实验室（北京邮电大学）、综合业务网理论及关键技术国家重点实验室（西安电子科技大学）学术委员,property_783
国家重大战略需求相结合，通信工程学院要在互联网的应用研究上下工夫;三是要强化跨学科研究，推动交叉学科的发展，特别是与认知、材料科学的交叉发展方面着力加强;四是在开阔研究视野的同时，要凝聚力量、凝炼方向、形成特色，坚持特色发展;五是要坚持大学的育人根本，完成好人才培养的根本任务，以一流的科研服务于优秀人才的培养。合影段校长作总结发言，他首先充分肯定了通信工程学院2011年所取得的成绩，并指出，于全院士是著名的通信技术专家,property_784
国家自然科学基金重大计划“空间信息网络基础理论与关键技术”指导专家,property_785
、浙江大学、上海交通大学、南京大学、复旦大学、北京航空航天大学、东莞理工学院兼职教授,property_786
《JournalofCommunicationandInformationNetworks》期刊主编,property_787
中国人民解放军总参谋部某研究所总工程师,property_788
《JournalofCommunicationsandInformationNetworks》主编,property_789
于全于全，男，1965年9月出生于江西九江，中共党员，1982年考入南京大学信息物理系，1986年本科毕业进入西安电子科技大学，攻读物理系电波传播专业硕士学位，博士研究生学历，研究员，现任西安电子科技大学通信工程学院军事通信学科(110503)教授、博士生导师，中国人民解放军总参谋部某研究所总工程师。2009年12月2日，当选为中国工程院信息与电子工程学部院士。2012年3月10日受聘担任西安电子科技大学通信工程学院名誉院长,property_790
职业:西安电子科技大学通信工程学院名誉院长,property_791
3月10日，通信工程学院名誉院长,property_792
会议首先举行了于全院士担任西安电子科技大学通信工程学院名誉院长,property_793
的聘任仪式。通信工程学院院长,property_794
张海林简要介绍了于全院士的简历及学术成就，段校长为于全院士颁发聘书并佩戴校徽，并向他受聘通信工程学院名誉院士表示热烈祝贺和衷心感谢。颁发聘书于全院士在发言中表示，受聘担任母校通信工程学院的名誉院长,property_795
，既感到心情激动，也深感重任在肩。西电拥有良好的科研环境、一流的师资队伍和领先的研究成果，国防科研特色优势地位十分突出，作为西电学子和名誉院长,property_796
，将尽其所能，发挥桥梁作用，促使学校为国防事业作出更大贡献。于全院士就加强通信工程学院的建设提出了五点建议:一是应强化应用牵引，注重科研的应用需求，争取大项目、产生大成果;二是研究要与国家重大战略需求相结合，通信工程学院要在互联网的应用研究上下工夫;三是要强化跨学科研究，推动交叉学科的发展，特别是与认知、材料科学的交叉发展方面着力加强;四是在开阔研究视野的同时，要凝聚力量、凝炼方向、形成特色，坚持特色发展;五是要坚持大学的育人根本，完成好人才培养的根本任务，以一流的科研服务于优秀人才的培养。合影段校长作总结发言，他首先充分肯定了通信工程学院2011年所取得的成绩，并指出，于全院士是著名的通信技术专家，在国内外具有深刻而广泛的影响，此次受聘担任名誉院长,property_797
提升青年教师水平。一方面，青年教师要坚持面向国家重大战略需求和国际学术前沿，凝炼科研方向;另一方面，要知感恩、讲贡献，学会自我加压，顽强拼搏、自强不息、争创一流，为指标体系建设作出应有的贡献。于全院士目前还担任《JournalofCommunicationsandInformationNetworks》主编。,property_798
获“中国科协求是杰出青年奖”，2006年获“第九届中国青年科技奖”，2008年被评为“中国青年五四奖章标兵”，2010年获何梁何利基金“科学与技术进步奖,property_799
“中国科协求是杰出青年奖,property_800
军队科技进步一等奖,property_801
“第九届中国青年科技奖,property_802
何梁何利基金“科学与技术进步奖,property_803
中国政府出版奖,property_804
"年学等2秀与6]，家工项梁作明（章青术9”是“兵0四第[5府一获科基7全中8利政；五标金被何。出二）国求发优杰版届1评进为、者九步队4协1992年从法国完成博士学业时，已是国际通信界密切关注的优秀人才。在法国里摩日大学光纤微波通信研究所攻读博士学位的27岁的中国青年学者于全，曾把一个""谜团""留在法兰西国土。这位留学四年，就取得三项重要科研成果和一项法国",property_805
"培养的根本任务，以一流的科研服务于优秀人才培养。合影段校长作总结发言，他首先充分肯定了通信工程学院2011年所取得的成绩，并指出，于全院士是著名的通信技术专家，在国内外具有深刻而广泛的影响，此次受聘担任名誉院长，既是西电的骄傲与自豪，也为通院的发展创造了良好的外部条件。通信作为学校的传统优势与特色，其发展事关学校全局，学院应着眼于学校整体工作，立足于研究型大学的奋斗目标，奋发有为、奋勇拼搏，加快发展。段校长指出，2012年学院应重点抓好以下四项工作:一是加强师资队伍建设，善用""组合拳""，在坚持高端引领的同时，增强青年教师群体的发展后劲;二是提高人才",property_806
倪光南,property_807
1939-8-1,property_808
浙江省宁波市镇海区,property_809
中华人民共和国,property_810
计算机专家,property_811
南京工学院（现东南大学）[1],property_812
南京工学院（现东南大学）,property_813
南京工学院(现东南大学),property_814
联想式汉字系统,property_815
《云计算大数据时代的系统工程（修订版）》[1],property_816
主持开发联想式汉字系统、联想系列微型机1994年当选为中国工程院院士,property_817
首创在汉字输入中应用联想功能主持开发联想式汉字系统、联想系列微型机中国工程院院士国家科技进步一等奖,property_818
首创在汉字输入中应用联想功能主持开发联想式汉字系统、联想系列微型机1994年当选为中国工程院院士,property_819
中国工程院院士国家科技进步一等奖,property_820
无党派人士,property_821
大学,property_822
"中科院,加拿大国家研究院,联想集团,联想集团公司,中国工程院工程院院士",property_823
联想集团公司总工,property_824
"中国科学院计算技术研究所,联想集团",property_825
中科院,property_826
中国科学院计算技术研究所新技术发展公司”（简称“计算所公司”，即联想集团前身）。时任计算所所长曾茂朝兼董事长，业务处副处长王树和任总经理，原八室副主任张祖祥和六室实习研究员柳传志分别担任副总经理。倪光南应邀于当年12月出任公司总工程师，将联想式汉卡的全部技术都带入了公司。时任副研究员和第五届青联特邀委员,property_827
中国科学院计算技术研究所新技术发展公司（简称计算所公司，即联想集团前身）。时任计算所所长曾茂朝兼董事长，业务处副处长王树和任总经理，原八室副主任张祖祥和六室实习研究员柳传志分别担任副总经理。倪光南应邀于当年12月出任公司总工程师，将联想式汉卡的全部技术都带入了公司。时任副研究员和第五届青联特邀委员,property_828
中国科学院计算技术研究所新技术发展公司”（简称“计算所公司”，即联想集团前身）。时任计算所所长曾茂朝兼董事长，业务处副处长王树和任总经理，原八室副主任张祖祥和六室实习研究员,property_829
中国科学院计算技术研究所新技术发展公司”（简称“计算所公司”，即联想集团前身）。时任计算所所长曾茂朝兼董事长，业务处副处长王树和任总经理，原八室副主任,property_830
国家科技进步一等奖。倪光南1992年还获得中科院颁发的历史上仅有的一次重奖。作为开拓者，倪光南于1989年获北京市劳动模范，1990年获“中青年有突出贡献专家,property_831
中国科学院计算技术研究所公司（联想集团前身），倪光南出任联想集团首任总工程师,property_832
中国软件技术的发展。作为第五、六届中国中文信息学会理事长,property_833
中国科学院最早下海的一批科学家,property_834
中国国情实施软件知识产权保护。2002年，他及其他委员,property_835
回国后他即组织课题组研发。由于硬件器材齐备，软件采用C语言开发，效率很高，到了1984年初就开发出了汉字处理的第二项产品，这是一台完整的汉字微机，即“LX－80联想式汉字图形微型机系统”。该项目由倪光南的至交、时任北大副教授,property_836
的王选主持鉴定（1985年的联想式汉卡项目也是请王选教授,property_837
中国软件技术的发展。作为第五、六届中国中文信息学会理事,property_838
中国科学院计算技术研究所新技术发展公司”（简称“计算所公司”，即联想集团前身）。时任计算所所长,property_839
中国科学院计算技术研究所为转化科技成果，投资20万元人民币创办了中国科学院计算技术研究所公司（联想集团前身），倪光南出任联想集团首任总工程师,property_840
国家科技进步一等奖。此外，他于1990年获中青年有突出贡献专家,property_841
中国科学院计算技术研究所新技术发展公司（简称计算所公司，即联想集团前身）。时任计算所所长曾茂朝兼董事长，业务处副处长王树和任总经理，原八室副主任张祖祥和六室实习研究员,property_842
中国科学院计算技术研究所新技术发展公司（简称计算所公司，即联想集团前身）。时任计算所所长曾茂朝兼董事长，业务处副处长王树和任总经理，原八室副主任,property_843
国家科技进步一等奖。倪光南1992年还获得中科院颁发的历史上唯一的一次重奖。作为开拓者，倪光南于1989年获北京市劳动模范，1990年获中青年有突出贡献专家,property_844
国家当时的科技发展规划，并在华罗庚等老科学家,property_845
中国第一个计算机领域的研究所，是1958年根据国家当时的科技发展规划，并在华罗庚等老科学家,property_846
国家研究院（NRC）工作，担任访问研究员（VRO）。1984底中科院计算所为转化科技成果，创办了计算所公司(联想集团前身)，他出任总工，主持开发了联想式汉字系统，创造了重大经济和社会效益，于1988年获国家科技进步一等奖，计算所公司也于1989年11月改名为联想集团公司。此后他担任公司董事兼总工，主持开发了联想系列微机，确立了公司的主营业务，于1992年获国家科技进步一等奖。此外，他于1990年获中青年有突出贡献专家,property_847
国家标准。UOF，作为中国国产文档标准，成为摆脱技术标准受制于外国人的关键因素。与此同时，微软也试图通过国际标准组织快速投票通道，让微软的OOXML标准成为国际标准。微软此举遭到以工程院院士倪光南为代表的中国专家,property_848
回国后他即组织课题组研发。由于硬件器材齐备，软件采用C语言开发，效率很高，到了1984年初就开发出了汉字处理的第二项产品，这是一台完整的汉字微机，即LX－80联想式汉字图形微型机系统。该项目由倪光南的至交、时任北大副教授,property_849
中国科学院计算所研究员,property_850
国家研究院工作，担任访问研究员。1984底中科院计算所为转化科技成果，创办了计算所公司（联想集团前身），他出任总工，主持开发了联想式汉字系统，创造了重大经济和社会效益，于1988年获国家科技进步一等奖，计算所公司也于1989年11月改名为联想集团公司。此后他担任公司董事兼总工，主持开发了联想系列微机，确立了公司的主营业务，于1992年获国家科技进步一等奖。此外，他于1990年获中青年有突出贡献专家,property_851
参与研制我国自行设计的第一台电子管计算机（119机），上世纪六、七十年代开展汉字处理和字符识别研究参与了计算所六室显示组万永熙先生主持的717机显示器研制，它是我国最早的汉字显示器，这项研究,property_852
获得国家特殊津贴,property_853
获国家科技进步一等奖。倪光南1992年还获得中科院颁发的历史上仅有的一次重奖。作为开拓者，倪光南于1989年获北京市劳动模范，1990年获“中青年有突出贡献专家”称号，1991年获国家特殊津贴,property_854
获得中青年有突出贡献专家称号,property_855
获得中宣部、科技部和中国科协“最美科技工作者”称号,property_856
获国家科技进步一等奖。倪光南1992年还获得中科院颁发的历史上仅有的一次重奖。作为开拓者，倪光南于1989年获北京市劳动模范，1990年获“中青年有突出贡献专家”称号,property_857
获全国科技大会奖。倪光南也被评为计算所先进工作者,property_858
获得中青年有突出贡献专家,property_859
获得中科院颁发的历史上仅有的一次重奖。作为开拓者，倪光南于1989年获北京市劳动模范，1990年获“中青年有突出贡献专家,property_860
获国家科技进步一等奖，计算所公司也于1989年11月改名为联想集团公司。此后他担任公司董事兼总工，主持开发了联想系列微机，确立了公司的主营业务，于1992年获国家科技进步一等奖。此外，他于1990年获中青年有突出贡献专家称号；1991年获国家特殊津贴,property_861
获国家科技进步一等奖，计算所公司也于1989年11月改名为联想集团公司。此后他担任公司董事兼总工，主持开发了联想系列微机，确立了公司的主营业务，于1992年获国家科技进步一等奖。此外，他于1990年获中青年有突出贡献专家称号,property_862
指导，中国电子信息产业发展研究,property_863
2007“金企鹅杯”开源软件特别贡献奖,property_864
中国Linux暨开源产业杰出贡献奖,property_865
“第四届中日韩开源软件竞赛”特殊贡献奖,property_866
中国计算机学会终身成就奖,property_867
重大科技成果奖,property_868
重大经济和社会效益，于1988年获国家科技进步一等奖,property_869
国家科技进步一等奖,property_870
得国家特殊津贴、亿利达科技奖,property_871
得中国科学院重奖,property_872
得中国中文信息学会终身成就奖,property_873
得了中科院三等奖,property_874
1988年国家科技进步一等奖,property_875
一等奖,property_876
得中科院颁发的历史上仅有的一次重奖,property_877
得“开源特别贡献奖,property_878
应用支持系统奖,property_879
1986年北京地区汉字系统对口竞赛一等奖,property_880
得中国中文信息学会和中国计算机学会终身成就奖,property_881
中青年有突出贡献专家称号；1991年获国家特殊津贴、亿利达科技奖,property_882
于全,property_883
本科毕业进入西安电子科技大学,property_884
中国工程院信息与电子工程学部院士[1]，我国战术通信领域的学科带头人，军事科学院系统工程研究院研究员，信息系统安全重点实验室主任,property_885
中国工程院信息与电子工程学部院士，我国战术通信领域的学科带头人，军事科学院系统工程研究院研究员，信息系统安全重点实验室主任,property_886
《JournalofCommunicationsandInformationNetworks》主编,property_887
中国人民解放军总参谋部某研究所总工程师,property_888
获“中国科协求是杰出青年奖”，2006年获“第九届中国青年科技奖”，2008年被评为“中国青年五四奖章标兵”，2010年获何梁何利基金“科学与技术进步奖,property_889
《JournalofCommunicationandInformationNetworks》主编,property_890
"1992年从法国完成博士学业时，已是国际通信界密切关注的优秀人才。在法国里摩日大学光纤微波通信研究所攻读博士学位的27岁的中国青年学者于全，曾把一个""谜团""留在法兰西国土。这位留学四年，就取得三项重要科研成果和一项法国",property_891
于全,property_892
南京大学信息物理系，1986年本科毕业进入西安电子科技大学，攻读物理系电波传播专业硕士学位，博士研究生学历，研究员，现任西安电子科技大学通信工程学院,property_893
倪光南,property_894
中华人民共和国,property_895
夏，他从南京工学院（现东南大学,property_896
国家科技进步一等奖。倪光南1992年还获得中科院颁发的历史上仅有的一次重奖。作为开拓者，倪光南于1989年获北京市劳动模范，1990年获“中青年有突出贡献专家,property_897
中国科学院计算技术研究所新技术发展公司”（简称“计算所公司”，即联想集团前身）。时任计算所所长曾茂朝兼董事长，业务处副处长王树和任总经理，原八室副主任张祖祥和六室实习研究员柳传志分别担任副总经理。倪光南应邀于当年12月出任公司总工程师，将联想式汉卡的全部技术都带入了公司。时任副研究员和第五届青联特邀委员,property_898
中国科学院计算技术研究所新技术发展公司”（简称“计算所公司”，即联想集团前身）。时任计算所所长曾茂朝兼董事长，业务处副处长王树和任总经理，原八室副主任张祖祥和六室实习研究员,property_899
中国科学院计算技术研究所新技术发展公司”（简称“计算所公司”，即联想集团前身）。时任计算所所长曾茂朝兼董事长，业务处副处长王树和任总经理，原八室副主任,property_900
国家科技进步一等奖。此外，他于1990年获中青年有突出贡献专家,property_901
国家科技进步一等奖。倪光南1992年还获得中科院颁发的历史上唯一的一次重奖。作为开拓者，倪光南于1989年获北京市劳动模范，1990年获中青年有突出贡献专家,property_902
中国科学院计算技术研究所新技术发展公司（简称计算所公司，即联想集团前身）。时任计算所所长曾茂朝兼董事长，业务处副处长王树和任总经理，原八室副主任张祖祥和六室实习研究员柳传志分别担任副总经理。倪光南应邀于当年12月出任公司总工程师，将联想式汉卡的全部技术都带入了公司。时任副研究员和第五届青联特邀委员,property_903
国家当时的科技发展规划，并在华罗庚等老科学家,property_904
中国科学院计算技术研究所新技术发展公司（简称计算所公司，即联想集团前身）。时任计算所所长曾茂朝兼董事长，业务处副处长王树和任总经理，原八室副主任张祖祥和六室实习研究员,property_905
中国科学院计算技术研究所新技术发展公司（简称计算所公司，即联想集团前身）。时任计算所所长曾茂朝兼董事长，业务处副处长王树和任总经理，原八室副主任,property_906
参与了计算所六室显示组万永熙先生主持的717机显示器研制，它是中国最早的汉字显示器，这项研究参与研制我国自行设计的第一台电子管计算机（119机），上世纪六、七十年代开展汉字处理和字符识别研究,property_907
获国家科技进步一等奖。倪光南1992年还获得中科院颁发的历史上仅有的一次重奖。作为开拓者，倪光南于1989年获北京市劳动模范，1990年获“中青年有突出贡献专家”称号，1991年获国家特殊津贴,property_908
获国家科技进步一等奖，计算所公司也于1989年11月改名为联想集团公司。此后他担任公司董事兼总工，主持开发了联想系列微机，确立了公司的主营业务，于1992年获国家科技进步一等奖。此外，他于1990年获中青年有突出贡献专家称号；1991年获国家特殊津贴,property_909
获国家科技进步一等奖，计算所公司也于1989年11月改名为联想集团公司。此后他担任公司董事兼总工，主持开发了联想系列微机，确立了公司的主营业务，于1992年获国家科技进步一等奖。此外，他于1990年获中青年有突出贡献专家称号,property_910
获国家科技进步一等奖。倪光南1992年还获得中科院颁发的历史上仅有的一次重奖。作为开拓者，倪光南于1989年获北京市劳动模范，1990年获“中青年有突出贡献专家”称号,property_911
丁荣军,property_912
RongjunDing,property_913
1961-11-12,property_914
江苏省无锡市宜兴市,property_915
执行董事、总经理,property_916
中南大学,property_917
西南交通大学、中南大学,property_918
西南交通大学,property_919
《现代变流技术与电气传动》,property_920
2011年当选为中国工程院院士,property_921
，他从西南交通大学,property_922
9月，丁荣军考上中南大学,property_923
"中科院,加拿大国家研究院,联想集团,联想集团公司,中国工程院总工",property_924
联想集团公司,property_925
总工程师,property_926
"中国南车集团株洲电力机车研究所,南车株洲电力机车研究所有限公司所长",property_927
"中国南车集团株洲电力机车研究所,南车株洲电力机车研究所有限公司",property_928
"南车株洲电力机车研究所有限公司党委,湖南省科学技术协会副主席",property_929
"湖南大学机械,株洲电力机车研究所有限公司",property_930
中国共产党湖南省第十一届委员,property_931
大功率交流传动电力机车系统集成国家重点实验室学术委员,property_932
中国共产党第十八次全国代表,property_933
国家重点实验室学术委员,property_934
中国南车集团株洲电力机车研究所（现南车株洲电力机车研究所有限公司），先后担任科研副所长,property_935
国家、省部级重大科研项目30余项，荣获国家科学技术进步二等奖2项，国家八五科技攻关重大科技成果奖2项，铁道部科技成果一等奖1项、二等奖1项，湖南省、株洲市科技进步奖多项以及全国劳动模范、铁道部火车头奖章、茅以升科学技术奖、詹天佑成就奖、湖南省光召科技奖，享受国务院政府特殊津贴，是新世纪百千万人才工程国家级人选，获聘为湖南省首席标准化专家,property_936
中国南车专家委员,property_937
至2017年10月,property_938
西南交通大学电气工程学院、同济大学兼职教授,property_939
中南大学特聘教授,property_940
2017年2月，丁荣军受聘为湖南大学机械与运载工程学院院长,property_941
国家级人选，获聘为湖南省首席标准化专家,property_942
中国南车集团株洲电力机车研究所(现南车株洲电力机车研究所有限公司)，先后担任科研副所长,property_943
参与一系列重大课题研究,property_944
准高速动力分散电动车组交流传动系统-省部级一等奖,property_945
机车分布式微机控制与网络系统-省部级二等奖,property_946
交流传动系统及其高性能控制技术的研究与应用-国家科学技术进步奖二等奖,property_947
基于全压接技术的高压大电流电力半导体器件研究开发及应用-省部级一等奖,property_948
大功率电力机车交流传动电气系统研究与应用-省部级一等奖,property_949
特大功率电力电子器件技术研发及推广应用-国家科学技术进步奖二等奖,property_950
高速、重载列车牵引控制关键技术及应用-国家技术发明奖二等奖,property_951
得国家技术发明奖,property_952
重大科研项目30余项，荣获国家科学技术进步二等奖,property_953
国家科学技术进步二等奖,property_954
授权时间-专利号-,property_955
培养交通运载行业精英化拔尖创新创业人才,property_956
杨小牛,property_957
现为中国电子科技集团公司首席科学家。,property_958
"中国科学院留学人员联谊会,中国科学院副会长",property_959
国际劳动节暨表彰全国劳动模范和先进工作者大会在北京人民大会堂举行。杨小牛获评全国先进工作者，中共中央总书记、国家主席,property_960
政协第十二届委员,property_961
政协吉林省第十一届委员,property_962
中国科学院留学人员联谊会(中国科学院欧美同学会)第一届理事,property_963
中国科学院欧美同学会)第一届理事,property_964
中国科学院欧美同学会)成立。杨小牛当选第一届理事,property_965
中国科学院留学人员联谊会(中国科学院欧美同学会)成立。杨小牛当选第一届理事,property_966
获评全国先进工作者,property_967
评全国先进工作者，中共中央总书记、国家主席习近平亲自为他授奖,property_968
奖,property_969
杨小牛,property_970
国际劳动节暨表彰全国劳动模范和先进工作者大会在北京人民大会堂举行。杨小牛获评全国先进工作者，中共中央总书记、国家主席,property_971
政协第十二届委员,property_972
杨小牛,property_973
杨小牛,property_974
杨小牛,property_975
杨小牛,property_976
杨小牛,property_977
陈冀胜,property_978
1932-7,property_979
军事医学与药物化学专家,property_980
清华大学化学系,property_981
"清华大学,国防科委,中国毒理学会,中国海洋湖沼学会所长",property_982
中国海洋湖沼学会理事,property_983
国防科委某研究院副所长，防化研究院四所所长、院政治委员,property_984
《J.Med.Chem.Def.》编委,property_985
中国化学会、中国毒理学会、中国海洋湖沼学会理事,property_986
中国有毒植物》、《英汉生命科学词典》、《化学、生物武器与防化装备》，《反化学恐怖对策与技术》等。参编《分子药理学》、《海洋生物毒素学》、《Toxin-RelatedDiseases》等。中国化学会、中国毒理学会、中国海洋湖沼学会理事,property_987
国家科技进步二等奖1项，全军科技进步一等奖2项，二等奖5项。主编《中国有毒植物》、《英汉生命科学词典》、《化学、生物武器与防化装备》，《反化学恐怖对策与技术》等。参编《分子药理学》、《海洋生物毒素学》、《Toxin-RelatedDiseases》等。中国化学会、中国毒理学会、中国海洋湖沼学会理事，《中国天然药物》、《应用化学》、及《J.Nat.Toxins》、《J.Med.Chem.Def》编委、学术顾问,property_988
《中国天然药物》、《应用化学》、及《J.Nat.Toxins》、《J.Med.Chem.Def.》编委,property_989
中国工程院院士。1952年毕业于清华大学化学系，历任国防科委某研究院副所长，防化研究院四所所长、院政治委员,property_990
《中国有毒植物》、《英汉生命科学词典》、《化学、生物武器与防化装备》，《反化学恐怖对策与技术》等。参编《分子药理学》、《海洋生物毒素学》、《Toxin-RelatedDiseases》等。中国化学会、中国毒理学会、中国海洋湖沼学会理事，《中国天然药物》、《应用化学》、及《J.Nat.Toxins》、《J.Med.Chem.Def》编委,property_991
《J.Med.Chem.Def》编委,property_992
《中国天然药物》、《应用化学》、及《J.Nat.Toxins》、《J.Med.Chem.Def.》编,property_993
《中国有毒植物》、《英汉生命科学词典》、《化学、生物武器与防化装备》，《反化学恐怖对策与技术》等。参编,property_994
《分子药理学》、《海洋生物毒素学》、《Toxin-RelatedDiseases》等。中国化学会、中国毒理学会、中国海洋湖沼学会理事，《中国天然药物》、《应用化学》、及《J.Nat.Toxins》、《J.Med.Chem.Def》编,property_995
